{
  "runtimeOptions": {
    "tfm": "net9.0",
    "frameworks": [
      {
        "name": "Microsoft.NETCore.App",
        "version": "9.0.0"
      },
      {
        "name": "Microsoft.AspNetCore.App",
        "version": "9.0.0"
      }
    ],
    "runtimeOptions": {
      "tfm": "net9.0",
      "framework": {
        "name": "Microsoft.NETCore.App",
        "version": "9.0.0"
      },
      "configProperties": {
        "System.GC.Server": true,
        "System.Runtime.Serialization.EnableUnsafeBinaryFormatterSerialization": false
      }
    },
    "configProperties": {
      "System.GC.Server": true,
      "System.Reflection.Metadata.MetadataUpdater.IsSupported": false,
      "System.Runtime.Serialization.EnableUnsafeBinaryFormatterSerialization": false
    }
  }
}